rank,prev_rank,name,league,off,def,spi,weighted_scores
1,1,Bayern Munich,German Bundesliga,3.51,0.43,93.96,47.964999999999996
2,2,Manchester City,Barclays Premier League,2.86,0.24,92.84,47.195
3,3,Barcelona,Spanish Primera Division,3.01,0.5,90.16,45.957499999999996
4,5,Liverpool,Barclays Premier League,2.79,0.46,88.95,45.2875
5,4,Paris Saint-Germain,French Ligue 1,2.89,0.52,88.85,45.277499999999996
6,7,Borussia Dortmund,German Bundesliga,2.52,0.4,87.68,44.57
7,8,Atletico Madrid,Spanish Primera Division,2.38,0.37,87.04,44.2075
8,6,Real Madrid,Spanish Primera Division,2.62,0.49,87.01,44.282500000000006
9,9,Chelsea,Barclays Premier League,2.48,0.47,86.07,43.772499999999994
10,11,RB Leipzig,German Bundesliga,2.43,0.49,85.06,43.26
11,10,Internazionale,Italy Serie A,2.58,0.59,84.87,43.2275
12,12,Manchester United,Barclays Premier League,2.36,0.52,83.8,42.62
13,13,Real Sociedad,Spanish Primera Division,2.18,0.44,83.36,42.335
14,14,Tottenham Hotspur,Barclays Premier League,2.36,0.59,82.27,41.872499999999995
15,16,Napoli,Italy Serie A,2.18,0.51,81.68,41.5125
16,15,Juventus,Italy Serie A,2.4,0.65,81.61,41.5675
17,20,Leicester City,Barclays Premier League,2.21,0.57,80.85,41.12
18,19,Sevilla FC,Spanish Primera Division,2.04,0.47,80.81,41.0325
19,18,FC Salzburg,Austrian T-Mobile Bundesliga,2.89,1.0,80.63,41.287499999999994
20,21,AC Milan,Italy Serie A,2.37,0.71,79.92,40.730000000000004
21,23,Ajax,Dutch Eredivisie,2.71,0.93,79.87,40.845
22,17,Arsenal,Barclays Premier League,2.1,0.56,79.46,40.394999999999996
23,22,Borussia Monchengladbach,German Bundesliga,2.4,0.76,79.22,40.4
24,26,Villarreal,Spanish Primera Division,2.22,0.65,79.18,40.307500000000005
25,25,Atalanta,Italy Serie A,2.43,0.8,78.74,40.177499999999995
26,24,Bayer Leverkusen,German Bundesliga,2.19,0.67,78.31,39.870000000000005
27,27,AS Roma,Italy Serie A,2.31,0.77,77.94,39.74
28,29,Wolverhampton,Barclays Premier League,1.81,0.51,76.19,38.675
29,31,Zenit St Petersburg,Russian Premier Liga,2.09,0.7,76.07,38.732499999999995
30,28,Lyon,French Ligue 1,2.09,0.71,75.79,38.595000000000006
31,32,Lille,French Ligue 1,1.95,0.65,75.02,38.16
32,33,FC Porto,Portuguese Liga,2.17,0.82,74.61,38.0525
33,34,Everton,Barclays Premier League,2.05,0.74,74.52,37.957499999999996
34,30,Getafe,Spanish Primera Division,1.75,0.55,74.19,37.67
35,35,Olympiacos,Greek Super League,2.0,0.72,74.19,37.775
36,39,TSG Hoffenheim,German Bundesliga,2.33,0.95,74.12,37.88
37,37,Southampton,Barclays Premier League,1.99,0.72,74.1,37.7275
38,38,West Ham United,Barclays Premier League,2.03,0.75,73.91,37.65
39,36,Benfica,Portuguese Liga,2.24,0.92,73.52,37.55
40,45,Aston Villa,Barclays Premier League,2.11,0.84,73.17,37.3225
41,40,Eintracht Frankfurt,German Bundesliga,2.16,0.88,73.08,37.3
42,41,Shakhtar Donetsk,UEFA Champions League,2.31,1.02,72.48,37.072500000000005
43,42,Real Betis,Spanish Primera Division,1.97,0.78,72.4,36.8875
44,44,Brighton and Hove Albion,Barclays Premier League,1.89,0.74,71.82,36.567499999999995
45,43,VfL Wolfsburg,German Bundesliga,1.92,0.77,71.63,36.4875
46,47,AS Monaco,French Ligue 1,2.07,0.9,71.18,36.3325
47,46,Athletic Bilbao,Spanish Primera Division,1.75,0.7,70.28,35.7525
48,52,Lazio,Italy Serie A,2.03,0.92,70.11,35.7925
49,49,Celta Vigo,Spanish Primera Division,1.8,0.75,70.06,35.667500000000004
50,51,Hertha Berlin,German Bundesliga,2.0,0.91,69.87,35.6625
51,53,Osasuna,Spanish Primera Division,1.72,0.71,69.5,35.3575
52,55,CSKA Moscow,Russian Premier Liga,1.78,0.76,69.27,35.269999999999996
53,57,Club Brugge,Belgian Jupiler League,2.03,0.97,68.89,35.195
54,48,Granada,Spanish Primera Division,1.72,0.74,68.76,34.995000000000005
55,56,1. FC Union Berlin,German Bundesliga,1.81,0.82,68.51,34.9125
56,50,Flamengo,Brasileiro Série A,1.98,0.96,68.3,34.885
57,54,Young Boys,Swiss Raiffeisen Super League,1.94,0.93,68.16,34.7975
58,58,Levante,Spanish Primera Division,1.88,0.88,68.14,34.76
59,59,Sporting CP,Portuguese Liga,1.78,0.84,67.36,34.335
60,60,Crystal Palace,Barclays Premier League,1.76,0.84,67.14,34.22
61,61,Cadiz,Spanish Primera Division,1.65,0.75,67.04,34.120000000000005
62,62,Burnley,Barclays Premier League,1.68,0.78,66.85,34.04
63,63,Fiorentina,Italy Serie A,1.82,0.9,66.84,34.1
64,73,Valencia,Spanish Primera Division,1.88,0.94,66.79,34.1
65,64,Stade Rennes,French Ligue 1,1.72,0.82,66.66,33.964999999999996
66,71,Rangers,Scottish Premiership,1.83,0.91,66.65,34.010000000000005
67,65,Sassuolo,Italy Serie A,2.01,1.06,66.57,34.052499999999995
68,66,Sheffield United,Barclays Premier League,1.66,0.78,66.44,33.83
69,67,Dynamo Kiev,UEFA Champions League,1.98,1.04,66.35,33.93
70,68,Leeds United,Barclays Premier League,1.91,0.99,66.29,33.870000000000005
71,69,River Plate,Argentina Primera Division,1.74,0.88,65.48,33.395
72,70,Newcastle,Barclays Premier League,1.7,0.86,65.29,33.285000000000004
73,81,Celtic,Scottish Premiership,2.14,1.22,65.23,33.455000000000005
74,72,Eibar,Spanish Primera Division,1.58,0.78,64.85,33.015
75,77,PSV,Dutch Eredivisie,1.95,1.09,64.75,33.135
76,74,FC Cologne,German Bundesliga,1.81,0.98,64.65,33.0225
77,75,Slavia Prague,UEFA Europa League,1.94,1.08,64.6,33.055
78,76,SD Huesca,Spanish Primera Division,1.69,0.89,64.54,32.915000000000006
79,78,Marseille,French Ligue 1,1.6,0.82,64.26,32.735
80,79,Werder Bremen,German Bundesliga,1.74,0.94,64.21,32.775
81,80,Dinamo Zagreb,UEFA Europa League,1.92,1.09,64.16,32.832499999999996
82,83,AFC Bournemouth,English League Championship,1.74,0.96,63.69,32.519999999999996
83,87,Grêmio,Brasileiro Série A,1.64,0.88,63.6,32.43
84,82,Alavés,Spanish Primera Division,1.6,0.86,63.26,32.245
85,84,VfB Stuttgart,German Bundesliga,1.8,1.03,63.24,32.3275
86,85,Udinese,Italy Serie A,1.6,0.86,63.23,32.23
87,86,SC Freiburg,German Bundesliga,1.83,1.07,62.81,32.13
88,89,São Paulo,Brasileiro Série A,1.54,0.84,62.36,31.775
89,98,Braga,Portuguese Liga,1.75,1.03,62.12,31.755
90,91,Fulham,Barclays Premier League,1.7,1.0,62.0,31.675
91,88,Espanyol,Spanish Segunda Division,1.53,0.85,61.97,31.58
92,92,Guangzhou Evergrande,Chinese Super League,1.87,1.15,61.79,31.65
93,103,LASK Linz,Austrian T-Mobile Bundesliga,1.8,1.09,61.68,31.5625
94,93,Sampdoria,Italy Serie A,1.74,1.04,61.63,31.51
95,112,Atletico Mineiro,Brasileiro Série A,1.72,1.03,61.57,31.4725
96,94,PAOK Salonika,Greek Super League,1.47,0.82,61.55,31.3475
97,95,Spartak Moscow,Russian Premier Liga,1.63,0.95,61.53,31.41
98,90,Kawasaki Frontale,Japanese J League,1.9,1.19,61.48,31.5125
99,97,Real Valladolid,Spanish Primera Division,1.57,0.9,61.46,31.3475
100,102,Palmeiras,Brasileiro Série A,1.55,0.9,61.15,31.1875
101,99,FC Augsburg,German Bundesliga,1.66,1.01,60.88,31.1075
102,100,Brentford,English League Championship,1.59,0.95,60.86,31.065
103,117,AZ,Dutch Eredivisie,1.93,1.24,60.76,31.1725
104,101,Lens,French Ligue 1,1.66,1.02,60.73,31.034999999999997
105,96,Nice,French Ligue 1,1.61,0.97,60.69,30.99
106,104,Boca Juniors,Argentina Primera Division,1.47,0.87,60.25,30.71
107,105,AEK Athens,Greek Super League,1.56,0.95,60.21,30.7325
108,106,Norwich City,English League Championship,1.68,1.06,60.11,30.74
109,113,Feyenoord,Dutch Eredivisie,1.94,1.3,59.79,30.705
110,111,Basel,Swiss Raiffeisen Super League,1.83,1.22,59.51,30.5175
111,109,Bologna,Italy Serie A,1.7,1.11,59.34,30.372500000000002
112,114,Watford,English League Championship,1.6,1.02,59.21,30.26
113,108,Verona,Italy Serie A,1.62,1.04,59.13,30.23
114,110,FC Krasnodar,Russian Premier Liga,1.7,1.12,59.07,30.240000000000002
115,118,West Bromwich Albion,Barclays Premier League,1.54,0.98,58.87,30.064999999999998
116,116,Istanbul Basaksehir,Turkish Turkcell Super Lig,1.68,1.12,58.59,29.995
117,123,Nantes,French Ligue 1,1.5,0.96,58.51,29.869999999999997
118,140,FC Midtjylland,Danish SAS-Ligaen,1.77,1.2,58.47,29.9775
119,119,Strasbourg,French Ligue 1,1.55,1.01,58.46,29.87
120,120,Shanghai SIPG,Chinese Super League,1.69,1.13,58.37,29.889999999999997
121,121,Beijing Guoan,Chinese Super League,1.76,1.21,58.34,29.9125
122,122,Rapid Vienna,Austrian T-Mobile Bundesliga,1.87,1.3,58.32,29.9525
123,115,Internacional,Brasileiro Série A,1.44,0.91,58.24,29.7075
124,134,Angers,French Ligue 1,1.52,1.0,58.01,29.634999999999998
125,124,Montpellier,French Ligue 1,1.57,1.05,57.93,29.62
126,127,Galatasaray,Turkish Turkcell Super Lig,1.63,1.1,57.87,29.6175
127,125,Elche,Spanish Primera Division,1.56,1.05,57.59,29.4475
128,136,Bodo/Glimt,Norwegian Tippeligaen,2.18,1.62,57.5,29.7
129,160,Dinamo Moscow,Russian Premier Liga,1.39,0.91,57.33,29.24
130,128,Mainz,German Bundesliga,1.81,1.3,57.17,29.3625
131,130,Bordeaux,French Ligue 1,1.37,0.9,57.09,29.1125
132,132,Cagliari,Italy Serie A,1.65,1.16,57.0,29.2025
133,131,Torino,Italy Serie A,1.65,1.16,56.96,29.1825
134,145,Malmo FF,Swedish Allsvenskan,1.69,1.2,56.86,29.1525
135,129,Reims,French Ligue 1,1.51,1.05,56.66,28.97
136,133,Red Star Belgrade,UEFA Europa League,1.89,1.4,56.63,29.137500000000003
137,126,Metz,French Ligue 1,1.4,0.95,56.55,28.862499999999997
138,135,Alanyaspor,Turkish Turkcell Super Lig,1.59,1.13,56.26,28.81
139,107,Lokomotiv Moscow,Russian Premier Liga,1.48,1.04,56.03,28.645
140,137,Sporting de Charleroi,Belgian Jupiler League,1.6,1.15,55.91,28.6425
141,138,Parma,Italy Serie A,1.64,1.2,55.9,28.66
142,139,Tigres UANL,Mexican Primera Division Torneo Apertura,1.49,1.06,55.76,28.5175
143,141,Schalke 04,German Bundesliga,1.61,1.18,55.58,28.4875
144,142,Trabzonspor,Turkish Turkcell Super Lig,1.82,1.39,55.36,28.482499999999998
145,151,Brest,French Ligue 1,1.65,1.24,55.23,28.3375
146,144,Hapoel Be'er,UEFA Europa League,1.71,1.29,55.22,28.36
147,146,Maccabi Tel-Aviv,UEFA Europa League,1.47,1.07,55.2,28.235000000000003
148,147,Arminia Bielefeld,German Bundesliga,1.51,1.11,55.02,28.165000000000003
149,150,Anderlecht,Belgian Jupiler League,1.6,1.19,54.98,28.1875
150,149,Ludogorets,UEFA Europa League,1.62,1.22,54.9,28.16
151,152,Sparta Prague,UEFA Europa League,1.71,1.31,54.83,28.169999999999998
152,153,Cruz Azul,Mexican Primera Division Torneo Apertura,1.56,1.17,54.76,28.0625
153,154,Swansea City,English League Championship,1.43,1.06,54.33,27.787499999999998
154,143,Genoa,Italy Serie A,1.51,1.15,54.17,27.75
155,148,Santos,Brasileiro Série A,1.37,1.01,54.16,27.674999999999997
156,167,St Etienne,French Ligue 1,1.39,1.04,54.03,27.622500000000002
157,156,Ferencvaros,UEFA Champions League,1.64,1.28,53.9,27.68
158,157,Genk,Belgian Jupiler League,1.73,1.38,53.76,27.6575
159,179,Santos Laguna,Mexican Primera Division Torneo Apertura,1.5,1.16,53.59,27.46
160,161,Fenerbahce,Turkish Turkcell Super Lig,1.6,1.26,53.55,27.49
161,163,Lech Poznan,UEFA Europa League,1.44,1.1,53.46,27.365000000000002
162,164,Monterrey,Mexican Primera Division Torneo Apertura,1.57,1.24,53.45,27.427500000000002
163,166,Velez Sarsfield,Argentina Primera Division,1.22,0.9,53.34,27.200000000000003
164,158,León,Mexican Primera Division Torneo Apertura,1.52,1.2,53.19,27.275
165,155,Vitesse,Dutch Eredivisie,1.64,1.32,53.03,27.255
166,162,Antwerp,Belgian Jupiler League,1.54,1.23,52.95,27.1675
167,170,Stoke City,English League Championship,1.4,1.09,52.92,27.0825
168,159,Molde,Norwegian Tippeligaen,1.89,1.57,52.84,27.285
169,171,Cardiff City,English League Championship,1.43,1.12,52.81,27.0425
170,180,Atlético Paranaense,Brasileiro Série A,1.22,0.93,52.61,26.8425
171,169,Lorient,French Ligue 1,1.43,1.14,52.6,26.9425
172,183,Crotone,Italy Serie A,1.45,1.16,52.51,26.9075
173,173,Rio Ave,Portuguese Liga,1.27,0.98,52.41,26.7675
174,186,Philadelphia Union,Major League Soccer,1.64,1.35,52.35,26.9225
175,176,CSKA Sofia,UEFA Europa League,1.32,1.04,52.17,26.675
176,177,Besiktas,Turkish Turkcell Super Lig,1.67,1.39,52.14,26.835
177,178,Spezia,Italy Serie A,1.49,1.21,52.04,26.695
178,175,KAA Gent,Belgian Jupiler League,1.66,1.39,51.88,26.7025
179,181,Defensa y Justicia,Argentina Primera Division,1.28,1.02,51.81,26.48
180,182,Middlesbrough,English League Championship,1.25,0.99,51.61,26.365
181,165,Nimes,French Ligue 1,1.42,1.17,51.5,26.3975
182,185,CFR 1907 Cluj,UEFA Europa League,1.5,1.26,51.38,26.380000000000003
183,187,Jiangsu Suning FC,Chinese Super League,1.5,1.26,51.28,26.330000000000002
184,174,Fluminense,Brasileiro Série A,1.25,1.02,51.14,26.1375
185,188,Blackburn,English League Championship,1.49,1.25,51.1,26.235
186,189,Sochi,Russian Premier Liga,1.46,1.24,51.0,26.175
187,190,Benevento,Italy Serie A,1.54,1.32,50.92,26.175
188,191,Guimaraes,Portuguese Liga,1.29,1.07,50.92,26.05
189,184,Los Angeles FC,Major League Soccer,1.76,1.54,50.86,26.255
190,192,Wolfsberger AC,Austrian T-Mobile Bundesliga,1.64,1.42,50.83,26.18
191,172,Rubin Kazan,Russian Premier Liga,1.27,1.05,50.7,25.93
192,168,FC Copenhagen,Danish SAS-Ligaen,1.61,1.4,50.61,26.0575
193,194,Bahía,Brasileiro Série A,1.36,1.15,50.48,25.8675
194,196,New York City FC,Major League Soccer,1.67,1.48,50.24,25.907500000000002
195,195,Club América,Mexican Primera Division Torneo Apertura,1.49,1.3,50.24,25.817500000000003
196,193,Rostov,Russian Premier Liga,1.32,1.13,49.96,25.5925
197,198,Bristol City,English League Championship,1.39,1.21,49.87,25.584999999999997
198,199,Shandong Luneng,Chinese Super League,1.6,1.43,49.81,25.6625
199,200,FK Qarabag,UEFA Europa League,1.35,1.17,49.8,25.529999999999998
200,201,Preston North End,English League Championship,1.32,1.16,49.54,25.39
201,203,CA Independiente,Argentina Primera Division,1.2,1.04,49.46,25.29
202,207,Seattle Sounders FC,Major League Soccer,1.45,1.29,49.31,25.34
203,205,Millwall,English League Championship,1.26,1.1,49.22,25.2
204,202,Hamburg SV,German 2. Bundesliga,1.52,1.37,49.2,25.3225
205,211,Dijon FCO,French Ligue 1,1.35,1.2,49.1,25.1875
206,206,Pachuca,Mexican Primera Division Torneo Apertura,1.26,1.11,49.01,25.0975
207,210,Standard Liege,Belgian Jupiler League,1.33,1.19,48.95,25.105
208,213,Bragantino,Brasileiro Série A,1.26,1.12,48.81,25.0
209,208,AGF Aarhus,Danish SAS-Ligaen,1.49,1.37,48.75,25.09
210,216,Fortaleza,Brasileiro Série A,1.19,1.05,48.74,24.93
211,197,FC Utrecht,Dutch Eredivisie,1.59,1.48,48.6,25.067500000000003
212,209,Newell's Old Boys,Argentina Primera Division,1.24,1.11,48.58,24.877499999999998
213,215,Ceará,Brasileiro Série A,1.29,1.16,48.52,24.872500000000002
214,212,Racing Club,Argentina Primera Division,1.18,1.06,48.4,24.759999999999998
215,204,Corinthians,Brasileiro Série A,1.24,1.12,48.38,24.78
216,220,Brondby,Danish SAS-Ligaen,1.51,1.4,48.34,24.8975
217,223,Yokohama F. Marinos,Japanese J League,1.78,1.7,47.96,24.85
218,218,Panathinaikos,Greek Super League,1.08,0.98,47.54,24.285
219,221,St Gallen,Swiss Raiffeisen Super League,1.51,1.44,47.48,24.4775
220,240,Mallorca,Spanish Segunda Division,1.11,1.01,47.44,24.25
221,219,Pacos Ferreira,Portuguese Liga,1.32,1.24,47.38,24.330000000000002
222,214,FC Nordsjaelland,Danish SAS-Ligaen,1.53,1.47,47.33,24.415
223,222,Toulouse,French Ligue 2,1.46,1.41,46.95,24.192500000000003
224,225,Huddersfield Town,English League Championship,1.26,1.21,46.66,23.947499999999998
225,226,Santa Clara,Portuguese Liga,1.28,1.23,46.53,23.892500000000002
226,224,Botafogo,Brasileiro Série A,1.25,1.21,46.36,23.794999999999998
227,227,Terek Grozny,Russian Premier Liga,1.21,1.17,46.35,23.77
228,228,Barnsley,English League Championship,1.23,1.2,46.12,23.667499999999997
229,229,Morelia,Mexican Primera Division Torneo Clausura,1.43,1.42,46.04,23.732499999999998
230,230,Guadalajara,Mexican Primera Division Torneo Apertura,1.27,1.25,45.98,23.619999999999997
231,231,Lanus,Argentina Primera Division,1.28,1.27,45.68,23.4775
232,232,Omonia Nicosia,UEFA Europa League,1.37,1.39,45.24,23.310000000000002
233,233,Famalicao,Portuguese Liga,1.29,1.31,45.21,23.255
234,217,Rosenborg,Norwegian Tippeligaen,1.46,1.49,45.19,23.3325
235,235,FC Lugano,Swiss Raiffeisen Super League,1.33,1.36,44.99,23.1675
236,236,Nottingham Forest,English League Championship,1.19,1.21,44.98,23.09
237,237,Pumas Unam,Mexican Primera Division Torneo Apertura,1.32,1.35,44.91,23.1225
238,239,Talleres de Córdoba,Argentina Primera Division,1.21,1.23,44.82,23.02
239,238,Gil Vicente,Portuguese Liga,1.2,1.23,44.69,22.9525
240,241,FC Arsenal Tula,Russian Premier Liga,1.34,1.4,44.47,22.919999999999998
241,242,Reading,English League Championship,1.2,1.25,44.46,22.8425
242,254,Vasco da Gama,Brasileiro Série A,1.19,1.23,44.46,22.835
243,248,Portimonense,Portuguese Liga,1.19,1.24,44.34,22.777500000000003
244,244,SC Farense,Portuguese Liga,1.3,1.36,44.3,22.814999999999998
245,251,Atlético Goianiense,Brasileiro Série A,1.14,1.2,44.02,22.595000000000002
246,245,Queens Park Rangers,English League Championship,1.31,1.39,43.84,22.595000000000002
247,247,Aris Salonika,Greek Super League,1.32,1.4,43.8,22.58
248,302,SC Paderborn,German 2. Bundesliga,1.32,1.41,43.79,22.5775
249,265,Sporting Kansas City,Major League Soccer,1.37,1.47,43.62,22.52
250,234,Djurgardens IF,Swedish Allsvenskan,1.32,1.42,43.52,22.445
251,249,Boavista,Portuguese Liga,1.17,1.25,43.49,22.35
252,253,Kasimpasa,Turkish Turkcell Super Lig,1.34,1.45,43.42,22.407500000000002
253,255,Fortuna Düsseldorf,German 2. Bundesliga,1.32,1.44,43.23,22.305
254,246,Sivasspor,Turkish Turkcell Super Lig,1.29,1.4,43.21,22.2775
255,256,Hannover 96,German 2. Bundesliga,1.3,1.42,43.13,22.245
256,257,Dundalk,UEFA Europa League,1.52,1.66,43.12,22.354999999999997
257,258,Ural Sverdlovsk Oblast,Russian Premier Liga,1.13,1.23,43.11,22.145
258,259,Gazisehir Gaziantep,Turkish Turkcell Super Lig,1.3,1.42,43.05,22.205
259,260,Argentinos Juniors,Argentina Primera Division,1.0,1.08,42.87,21.955
260,261,Sheffield Wednesday,English League Championship,1.14,1.24,42.86,22.025
261,262,FC Twente,Dutch Eredivisie,1.39,1.53,42.83,22.145
262,263,Birmingham,English League Championship,1.21,1.33,42.8,22.035
263,264,Rosario Central,Argentina Primera Division,1.15,1.27,42.73,21.97
264,250,New England Revolution,Major League Soccer,1.35,1.49,42.72,22.07
265,266,Estudiantes,Argentina Primera Division,1.0,1.1,42.6,21.825
266,282,Coritiba,Brasileiro Série A,1.13,1.25,42.54,21.865
267,268,Necaxa,Mexican Primera Division Torneo Apertura,1.15,1.28,42.42,21.817500000000003
268,243,Heerenveen,Dutch Eredivisie,1.49,1.67,42.37,21.974999999999998
269,269,Derby County,English League Championship,1.14,1.27,42.36,21.7825
270,270,FC Tambov,Russian Premier Liga,1.08,1.2,42.33,21.735
271,271,Konyaspor,Turkish Turkcell Super Lig,1.18,1.31,42.32,21.7825
272,274,Moreirense,Portuguese Liga,1.16,1.29,42.2,21.712500000000002
273,275,Amiens,French Ligue 2,1.08,1.21,42.19,21.6675
274,252,Orlando City SC,Major League Soccer,1.36,1.53,42.02,21.7325
275,267,Inter Miami CF,Major League Soccer,1.31,1.48,41.98,21.6875
276,272,FC Groningen,Dutch Eredivisie,1.11,1.26,41.84,21.512500000000003
277,276,AaB,Danish SAS-Ligaen,1.22,1.38,41.82,21.56
278,277,Arsenal Sarandi,Argentina Primera Division,1.28,1.45,41.78,21.5725
279,280,Toronto FC,Major League Soccer,1.33,1.52,41.74,21.5825
280,279,FC Zorya Luhansk,UEFA Europa League,1.21,1.37,41.73,21.509999999999998
281,281,C.D. Nacional,Portuguese Liga,1.16,1.32,41.7,21.470000000000002
282,290,Portland Timbers,Major League Soccer,1.46,1.67,41.54,21.5525
283,283,Rotherham United,English League Championship,1.15,1.31,41.47,21.349999999999998
284,284,SK Sturm Graz,Austrian T-Mobile Bundesliga,1.23,1.41,41.45,21.385
285,285,Tianjin Teda,Chinese Super League,1.28,1.47,41.44,21.4075
286,289,Kashima Antlers,Japanese J League,1.21,1.39,41.32,21.31
287,286,Heracles,Dutch Eredivisie,1.34,1.54,41.32,21.38
288,288,Atlético Tucumán,Argentina Primera Division,1.07,1.24,41.23,21.1925
289,296,Chicago Fire,Major League Soccer,1.48,1.72,41.16,21.38
290,291,San Lorenzo,Argentina Primera Division,1.14,1.33,40.96,21.0975
291,292,Servette,Swiss Raiffeisen Super League,1.26,1.48,40.87,21.119999999999997
292,293,Goztepe,Turkish Turkcell Super Lig,1.25,1.47,40.86,21.11
293,294,FK Austria Vienna,Austrian T-Mobile Bundesliga,1.18,1.38,40.86,21.07
294,299,IFK Norrkoping,Swedish Allsvenskan,1.49,1.75,40.59,21.105
295,330,FC Khimki,Russian Premier Liga,1.22,1.45,40.57,20.9525
296,306,Colorado Rapids,Major League Soccer,1.37,1.62,40.49,20.9925
297,278,Rayo Vallecano,Spanish Segunda Division,1.12,1.33,40.47,20.8475
298,300,Monza,Italy Serie B,1.24,1.47,40.46,20.9075
299,301,Luton Town,English League Championship,1.08,1.29,40.38,20.782500000000002
300,326,Almeria,Spanish Segunda Division,1.04,1.24,40.35,20.745
301,303,Patronato,Argentina Primera Division,1.2,1.43,40.35,20.8325
302,304,Gimnasia La Plata,Argentina Primera Division,0.98,1.17,40.3,20.6875
303,305,Troyes,French Ligue 2,1.07,1.28,40.24,20.7075
304,310,Tijuana,Mexican Primera Division Torneo Apertura,1.15,1.38,40.19,20.7275
305,297,FC Dallas,Major League Soccer,1.3,1.56,40.03,20.73
306,308,Maritimo,Portuguese Liga,1.11,1.34,39.95,20.587500000000002
307,322,Sanfrecce Hiroshima,Japanese J League,1.05,1.28,39.76,20.4625
308,311,Banfield,Argentina Primera Division,0.98,1.2,39.66,20.375
309,312,FC Luzern,Swiss Raiffeisen Super League,1.32,1.61,39.64,20.552500000000002
310,307,Willem II,Dutch Eredivisie,1.33,1.61,39.59,20.53
311,313,Atlas,Mexican Primera Division Torneo Apertura,1.08,1.32,39.56,20.380000000000003
312,314,Slovan Liberec,UEFA Europa League,1.24,1.52,39.54,20.46
313,315,Arizona United,United Soccer League,1.48,1.8,39.5,20.57
314,309,Querétaro,Mexican Primera Division Torneo Apertura,1.17,1.44,39.38,20.3425
315,332,Minnesota United FC,Major League Soccer,1.35,1.66,39.37,20.4375
316,318,Tondela,Portuguese Liga,1.11,1.38,39.24,20.2425
317,319,PEC Zwolle,Dutch Eredivisie,1.31,1.61,39.17,20.315
318,320,Union Santa Fe,Argentina Primera Division,1.0,1.25,39.16,20.1425
319,273,Hammarby,Swedish Allsvenskan,1.56,1.91,39.13,20.4325
320,287,Sport Recife,Brasileiro Série A,1.08,1.35,39.11,20.1625
321,321,Belenenses,Portuguese Liga,0.94,1.18,39.07,20.065
322,324,KV Mechelen,Belgian Jupiler League,1.37,1.7,39.03,20.2825
323,325,Asteras Tripolis,Greek Super League,1.04,1.3,39.02,20.095000000000002
324,327,St. Pölten,Austrian T-Mobile Bundesliga,1.29,1.6,38.97,20.2075
325,323,New York Red Bulls,Major League Soccer,1.28,1.59,38.91,20.1725
326,329,KFCO Beerschot-Wilrijk,Belgian Jupiler League,1.61,1.99,38.88,20.34
327,334,Leganes,Spanish Segunda Division,0.96,1.21,38.74,19.9125
328,295,Cerezo Osaka,Japanese J League,1.07,1.35,38.68,19.945
329,331,Shanghai Greenland,Chinese Super League,1.34,1.68,38.68,20.095
330,317,Goiás,Brasileiro Série A,1.15,1.45,38.56,19.93
331,333,Henan Jianye,Chinese Super League,1.25,1.57,38.55,19.979999999999997
332,316,Columbus Crew,Major League Soccer,1.22,1.54,38.54,19.96
333,335,FC Juárez,Mexican Primera Division Torneo Apertura,1.12,1.42,38.51,19.89
334,336,KV Kortrijk,Belgian Jupiler League,1.25,1.59,38.14,19.78
335,337,Hebei China Fortune FC,Chinese Super League,1.29,1.65,38.14,19.805
336,338,Mamelodi Sundowns,South African ABSA Premier League,0.98,1.26,38.09,19.605
337,339,Coventry City,English League Championship,1.17,1.5,38.08,19.7075
338,356,Toluca,Mexican Primera Division Torneo Apertura,1.25,1.61,38.08,19.755
339,340,Caykur Rizespor,Turkish Turkcell Super Lig,1.2,1.54,38.07,19.72
340,328,Odense BK,Danish SAS-Ligaen,1.2,1.54,38.04,19.705
341,342,FC Zurich,Swiss Raiffeisen Super League,1.33,1.7,37.99,19.7525
342,343,Rijeka,UEFA Europa League,1.21,1.56,37.99,19.6875
343,345,Huracán,Argentina Primera Division,0.95,1.24,37.93,19.5125
344,346,SpVgg Greuther Fürth,German 2. Bundesliga,1.17,1.52,37.86,19.6025
345,344,Fatih Karagümrük,Turkish Turkcell Super Lig,1.21,1.57,37.85,19.62
346,347,BK Hacken,Swedish Allsvenskan,1.09,1.42,37.77,19.512500000000003
347,349,Antalyaspor,Turkish Turkcell Super Lig,1.15,1.49,37.76,19.54
348,351,Aberdeen,Scottish Premiership,1.15,1.5,37.74,19.532500000000002
349,352,Lausanne Sports,Swiss Raiffeisen Super League,1.13,1.48,37.65,19.4775
350,353,Wuhan Zall,Chinese Super League,1.17,1.53,37.62,19.485
351,354,Kashiwa Reysol,Japanese J League,1.28,1.67,37.59,19.532500000000002
352,365,Hull City,English League One,1.17,1.53,37.54,19.445
353,355,Clermont Foot,French Ligue 2,0.96,1.28,37.54,19.33
354,357,Sparta,Dutch Eredivisie,1.3,1.69,37.46,19.4775
355,358,FC Ufa,Russian Premier Liga,0.89,1.19,37.44,19.24
356,374,Atlanta United FC,Major League Soccer,1.11,1.46,37.41,19.347499999999997
357,359,FC Sion,Swiss Raiffeisen Super League,1.02,1.36,37.31,19.25
358,361,Atromitos,Greek Super League,1.0,1.33,37.25,19.2075
359,393,Sonderjyske,Danish SAS-Ligaen,1.19,1.57,37.22,19.3
360,362,Sporting Gijón,Spanish Segunda Division,0.84,1.13,37.2,19.0925
361,363,Central Córdoba Santiago del Estero,Argentina Primera Division,1.0,1.34,37.16,19.165
362,364,OH Leuven,Belgian Jupiler League,1.28,1.68,37.1,19.29
363,366,FK Volgograd,Russian Premier Liga,1.02,1.37,36.98,19.0875
364,380,AIK,Swedish Allsvenskan,0.94,1.27,36.93,19.0175
365,367,1. FC Heidenheim 1846,German 2. Bundesliga,1.12,1.51,36.79,19.0525
366,360,KV Oostende,Belgian Jupiler League,1.14,1.53,36.74,19.0375
367,369,Wycombe Wanderers,English League Championship,1.13,1.52,36.7,19.012500000000003
368,370,Dalian Aerbin,Chinese Super League,1.29,1.73,36.66,19.084999999999997
369,371,Spal,Italy Serie B,1.16,1.56,36.65,19.005
370,348,Nagoya Grampus Eight,Japanese J League,0.96,1.31,36.58,18.857499999999998
371,372,Brescia,Italy Serie B,1.14,1.54,36.55,18.945
372,373,Kaizer Chiefs,South African ABSA Premier League,1.01,1.39,36.44,18.82
373,298,Gamba Osaka,Japanese J League,1.09,1.49,36.32,18.805
374,368,Houston Dynamo,Major League Soccer,1.28,1.73,36.3,18.9025
375,390,Valerenga,Norwegian Tippeligaen,1.17,1.6,36.28,18.8325
376,376,Randers FC,Danish SAS-Ligaen,1.12,1.53,36.27,18.797500000000003
377,350,Girona FC,Spanish Segunda Division,0.9,1.25,36.27,18.672500000000003
378,341,Cercle Brugge,Belgian Jupiler League,1.22,1.66,36.05,18.744999999999997
379,379,Puebla,Mexican Primera Division Torneo Apertura,1.06,1.46,36.03,18.645
380,429,Fuenlabrada,Spanish Segunda Division,0.93,1.3,36.01,18.5625
381,425,Lecce,Italy Serie B,1.18,1.62,35.99,18.695
382,381,Hartberg,Austrian T-Mobile Bundesliga,1.29,1.77,35.87,18.7
383,398,Karlsruher SC,German 2. Bundesliga,1.14,1.58,35.85,18.605
384,383,Paris FC,French Ligue 2,1.01,1.42,35.74,18.4775
385,392,Las Palmas,Spanish Segunda Division,1.01,1.42,35.66,18.4375
386,384,IF Elfsborg,Swedish Allsvenskan,1.19,1.66,35.56,18.4925
387,441,Real Oviedo,Spanish Segunda Division,0.97,1.37,35.52,18.345000000000002
388,406,Yeni Malatyaspor,Turkish Turkcell Super Lig,1.05,1.49,35.41,18.34
389,386,Atlético San Luis,Mexican Primera Division Torneo Apertura,1.09,1.53,35.39,18.35
390,387,Melbourne City,Australian A-League,1.17,1.64,35.39,18.3975
391,388,Guingamp,French Ligue 2,0.94,1.35,35.35,18.247500000000002
392,389,Sydney FC,Australian A-League,1.12,1.58,35.2,18.275000000000002
393,391,Auxerre,French Ligue 2,1.08,1.54,35.06,18.185000000000002
394,375,Odd BK,Norwegian Tippeligaen,1.25,1.77,34.92,18.215
395,394,OFI Crete,Greek Super League,1.06,1.52,34.85,18.07
396,395,Chongqing Lifan,Chinese Super League,1.08,1.56,34.78,18.05
397,405,Lugo,Spanish Segunda Division,0.95,1.4,34.64,17.9075
398,414,Kristiansund BK,Norwegian Tippeligaen,1.25,1.79,34.5,18.01
399,401,1. FC Nürnberg,German 2. Bundesliga,1.1,1.6,34.41,17.88
400,396,San Jose Earthquakes,Major League Soccer,1.22,1.75,34.34,17.9125
401,402,Caen,French Ligue 2,0.97,1.43,34.32,17.76
402,417,Hatayspor,Turkish Turkcell Super Lig,1.0,1.48,34.3,17.77
403,433,SV Zulte Waregem,Belgian Jupiler League,1.23,1.77,34.28,17.89
404,382,Sunderland,English League One,1.01,1.49,34.27,17.76
405,378,Los Angeles Galaxy,Major League Soccer,1.27,1.83,34.26,17.904999999999998
406,411,Vejle,Danish SAS-Ligaen,1.18,1.72,34.08,17.765
407,430,Nashville SC,Major League Soccer,0.93,1.4,34.02,17.5925
408,407,Guangzhou RF,Chinese Super League,1.44,2.07,33.73,17.7425
409,408,Orlando Pirates,South African ABSA Premier League,0.98,1.48,33.73,17.479999999999997
410,400,FC Cartagena,Spanish Segunda Division,1.02,1.54,33.69,17.485
411,413,Holstein Kiel,German 2. Bundesliga,1.12,1.66,33.64,17.515
412,397,Real Salt Lake,Major League Soccer,1.0,1.51,33.64,17.4475
413,409,Aldosivi,Argentina Primera Division,0.86,1.33,33.63,17.3625
414,410,Eupen,Belgian Jupiler League,1.06,1.59,33.6,17.462500000000002
415,415,Tianjin Quanujian,Chinese Super League,1.16,1.73,33.51,17.4775
416,416,Hibernian,Scottish Premiership,1.02,1.55,33.38,17.332500000000003
417,385,Peterborough United,English League One,1.12,1.69,33.23,17.3175
418,418,VfL Bochum,German 2. Bundesliga,1.05,1.6,33.23,17.2775
419,419,Empoli,Italy Serie B,1.04,1.59,33.23,17.272499999999997
420,420,Cashpoint SC Rheindorf Altach,Austrian T-Mobile Bundesliga,1.08,1.65,33.03,17.1975
421,412,FC Tokyo,Japanese J League,0.93,1.46,33.02,17.1075
422,421,Grenoble,French Ligue 2,0.96,1.49,33.02,17.122500000000002
423,377,SV Darmstadt 98,German 2. Bundesliga,1.14,1.73,32.99,17.212500000000002
424,454,Viking FK,Norwegian Tippeligaen,1.3,1.94,32.94,17.279999999999998
425,422,St. Truidense,Belgian Jupiler League,1.12,1.7,32.91,17.159999999999997
426,403,Mazatlán FC,Mexican Primera Division Torneo Apertura,1.06,1.64,32.86,17.105
427,423,Valenciennes,French Ligue 2,0.94,1.48,32.84,17.025000000000002
428,424,SV Sandhausen,German 2. Bundesliga,1.1,1.69,32.77,17.082500000000003
429,404,Urawa Red Diamonds,Japanese J League,1.1,1.69,32.74,17.067500000000003
430,427,Le Havre,French Ligue 2,0.87,1.39,32.71,16.92
431,428,Shenzhen FC,Chinese Super League,1.19,1.81,32.64,17.07
432,426,Mirandes,Spanish Segunda Division,0.87,1.39,32.48,16.805
433,442,Emmen,Dutch Eredivisie,1.18,1.81,32.36,16.9275
434,446,Málaga,Spanish Segunda Division,0.77,1.27,32.34,16.680000000000003
435,434,Louisville City FC,United Soccer League,1.08,1.69,32.24,16.8125
436,431,Tenerife,Spanish Segunda Division,0.79,1.3,32.16,16.6025
437,440,Logrones,Spanish Segunda Division,0.91,1.48,32.13,16.6625
438,436,Perth Glory,Australian A-League,1.09,1.72,31.9,16.6525
439,451,VfL Osnabruck,German 2. Bundesliga,1.04,1.66,31.86,16.605
440,437,Newcastle Jets,Australian A-League,1.11,1.76,31.86,16.6475
441,438,Fortuna Sittard,Dutch Eredivisie,1.23,1.91,31.83,16.7
442,439,Ipswich Town,English League One,0.95,1.54,31.82,16.5325
443,399,Vissel Kobe,Japanese J League,1.28,1.98,31.81,16.72
444,432,Jahn Regensburg,German 2. Bundesliga,1.08,1.73,31.65,16.5275
445,449,Genclerbirligi,Turkish Turkcell Super Lig,0.95,1.55,31.49,16.369999999999997
446,443,Reno 1868 FC,United Soccer League,1.27,2.0,31.38,16.5075
447,444,Mouscron-Peruwelz,Belgian Jupiler League,0.95,1.56,31.36,16.3075
448,445,Chievo Verona,Italy Serie B,0.9,1.5,31.31,16.255
449,447,SV Ried,Austrian T-Mobile Bundesliga,1.08,1.74,31.29,16.35
450,435,FC St. Pauli,German 2. Bundesliga,1.09,1.79,30.7,16.07
451,452,VVV Venlo,Dutch Eredivisie,1.21,1.96,30.67,16.1275
452,472,Montreal Impact,Major League Soccer,1.15,1.87,30.62,16.065
453,453,Erzurumspor,Turkish Turkcell Super Lig,1.01,1.7,30.57,15.9625
454,455,ADO Den Haag,Dutch Eredivisie,1.15,1.89,30.36,15.94
455,456,Portsmouth,English League One,0.97,1.65,30.31,15.809999999999999
456,450,Motherwell,Scottish Premiership,0.95,1.62,30.23,15.7575
457,457,Tampa Bay Rowdies,United Soccer League,0.96,1.64,30.21,15.755
458,458,Charlton Athletic,English League One,0.94,1.61,30.21,15.7425
459,459,Wellington Phoenix,Australian A-League,1.1,1.83,30.17,15.8175
460,461,Mjallby,Swedish Allsvenskan,1.12,1.87,30.12,15.807500000000001
461,463,Panetolikos,Greek Super League,0.86,1.51,30.07,15.6275
462,464,Colon Santa Fe,Argentina Primera Division,0.83,1.48,29.95,15.5525
463,465,Godoy Cruz,Argentina Primera Division,0.94,1.64,29.76,15.525
464,466,SuperSport United,South African ABSA Premier League,0.81,1.46,29.64,15.387500000000001
465,448,Real Zaragoza,Spanish Segunda Division,0.84,1.51,29.56,15.3675
466,468,AS Nancy Lorraine,French Ligue 2,0.82,1.48,29.5,15.325
467,470,Adelaide United,Australian A-League,1.22,2.05,29.37,15.502500000000001
468,474,Ankaragucu,Turkish Turkcell Super Lig,0.95,1.69,29.24,15.28
469,471,WSG Swarovski Wattens,Austrian T-Mobile Bundesliga,0.98,1.72,29.24,15.295
470,462,Kayserispor,Turkish Turkcell Super Lig,0.98,1.73,29.1,15.227500000000001
471,473,FC Vaduz,Swiss Raiffeisen Super League,0.94,1.68,29.1,15.205
472,467,Albacete,Spanish Segunda Division,0.7,1.34,28.97,14.995
473,460,Denizlispor,Turkish Turkcell Super Lig,0.87,1.58,28.96,15.092500000000001
474,476,Pittsburgh Riverhounds,United Soccer League,0.91,1.64,28.95,15.112499999999999
475,477,Kilmarnock,Scottish Premiership,0.87,1.58,28.94,15.082500000000001
476,480,Frosinone,Italy Serie B,0.78,1.48,28.65,14.889999999999999
477,482,Bidvest Wits,South African ABSA Premier League,0.74,1.44,28.42,14.755
478,484,Larissa,Greek Super League,0.7,1.38,28.18,14.61
479,485,Erzgebirge Aue,German 2. Bundesliga,0.88,1.65,28.14,14.7025
480,506,Fleetwood Town,English League One,0.93,1.73,28.05,14.690000000000001
481,488,San Antonio FC,United Soccer League,1.03,1.88,27.84,14.6475
482,479,Consadole Sapporo,Japanese J League,0.96,1.78,27.83,14.6
483,486,Cittadella,Italy Serie B,0.89,1.68,27.73,14.5075
484,489,Sochaux,French Ligue 2,0.83,1.59,27.71,14.46
485,490,Niort,French Ligue 2,0.98,1.83,27.65,14.5275
486,475,CD Sabadell,Spanish Segunda Division,0.82,1.59,27.64,14.4225
487,491,Doncaster Rovers,English League One,0.94,1.77,27.64,14.4975
488,469,Castellon,Spanish Segunda Division,0.85,1.64,27.63,14.4375
489,492,Lamia,Greek Super League,0.55,1.18,27.53,14.1975
490,494,AC Ajaccio,French Ligue 2,0.76,1.52,27.33,14.235
491,478,SD Ponferradina,Spanish Segunda Division,0.78,1.55,27.27,14.2175
492,483,DC United,Major League Soccer,1.02,1.91,27.15,14.3075
493,496,Guizhou Renhe,Chinese Super League,0.94,1.82,26.81,14.094999999999999
494,497,Western Sydney FC,Australian A-League,1.07,2.0,26.8,14.1675
495,487,Orebro SK,Swedish Allsvenskan,0.94,1.82,26.8,14.09
496,499,Pau,French Ligue 2,0.8,1.62,26.72,13.965
497,500,RKC,Dutch Eredivisie,0.96,1.85,26.63,14.0175
498,501,Melbourne Victory,Australian A-League,1.07,2.01,26.6,14.07
499,510,IFK Goteborg,Swedish Allsvenskan,0.82,1.66,26.41,13.825
500,503,Western United,Australian A-League,1.02,1.96,26.35,13.92
501,517,F.B.C Unione Venezia,Italy Serie B,0.77,1.59,26.32,13.75
502,502,Stabaek,Norwegian Tippeligaen,0.86,1.74,26.2,13.75
503,504,Brisbane Roar,Australian A-League,0.91,1.81,26.16,13.76
504,505,Reggina,Italy Serie B,0.82,1.69,26.11,13.6825
505,525,Shimizu S-Pulse,Japanese J League,1.06,2.04,25.98,13.765
506,507,Eintracht Braunschweig,German 2. Bundesliga,0.88,1.79,25.84,13.5875
507,508,Dunkerque,French Ligue 2,0.73,1.56,25.82,13.4825
508,509,FC Xanthi,Greek Super League,0.58,1.33,25.81,13.3825
509,481,AD Alcorcon,Spanish Segunda Division,0.68,1.48,25.76,13.420000000000002
510,511,Haugesund,Norwegian Tippeligaen,0.92,1.86,25.67,13.530000000000001
511,495,IK Sirius,Swedish Allsvenskan,1.05,2.06,25.59,13.5725
512,512,Salernitana,Italy Serie B,0.83,1.72,25.55,13.4125
513,498,FC Trenkwalder Admira,Austrian T-Mobile Bundesliga,1.04,2.05,25.54,13.5425
514,513,Waasland-Beveren,Belgian Jupiler League,1.05,2.06,25.44,13.4975
515,514,Oita Trinita,Japanese J League,0.71,1.56,25.35,13.242500000000001
516,493,AC Horsens,Danish SAS-Ligaen,0.83,1.75,25.31,13.299999999999999
517,515,Livingston,Scottish Premiership,0.88,1.82,25.3,13.325000000000001
518,518,Würzburger Kickers,German 2. Bundesliga,0.87,1.85,24.66,13.01
519,516,Sarpsborg,Norwegian Tippeligaen,0.78,1.72,24.52,12.885
520,519,Östersunds FK,Swedish Allsvenskan,0.76,1.7,24.34,12.785
521,520,Black Aces,South African ABSA Premier League,0.81,1.78,24.28,12.787500000000001
522,521,Maritzburg Utd,South African ABSA Premier League,0.56,1.39,24.05,12.512500000000001
523,522,Pordenone Calcio,Italy Serie B,0.75,1.71,24.01,12.620000000000001
524,523,Lyngby,Danish SAS-Ligaen,0.88,1.92,23.88,12.639999999999999
525,524,Oxford United,English League One,0.88,1.91,23.8,12.5975
526,526,Sacramento Republic FC,United Soccer League,0.8,1.8,23.75,12.525
527,529,FC Cincinnati,Major League Soccer,0.75,1.72,23.73,12.4825
528,527,Sagan Tosu,Japanese J League,0.66,1.59,23.59,12.3575
529,530,Chateauroux,French Ligue 2,0.72,1.71,23.36,12.2875
530,545,Vancouver Whitecaps,Major League Soccer,0.84,1.9,23.13,12.25
531,532,New Mexico United,United Soccer League,0.81,1.88,22.97,12.157499999999999
532,557,Varbergs BoIS FC,Swedish Allsvenskan,0.83,1.91,22.84,12.105
533,533,Lincoln City,English League One,0.72,1.76,22.48,11.86
534,535,Cremonese,Italy Serie B,0.66,1.67,22.45,11.8075
535,536,Bloem Celtic,South African ABSA Premier League,0.8,1.9,22.37,11.860000000000001
536,537,Rodez,French Ligue 2,0.71,1.75,22.29,11.76
537,538,Dundee Utd,Scottish Premiership,0.67,1.7,22.05,11.6175
538,539,Orange County SC,United Soccer League,0.77,1.88,21.91,11.6175
539,540,El Paso Locomotive FC,United Soccer League,0.66,1.7,21.89,11.535
540,541,Panionios,Greek Super League,0.51,1.45,21.84,11.41
541,542,Pisa,Italy Serie B,0.76,1.88,21.71,11.515
542,543,St Johnstone,Scottish Premiership,0.63,1.66,21.7,11.4225
543,544,Austin Bold FC,United Soccer League,0.94,2.16,21.69,11.620000000000001
544,528,Salford City,English League Two,0.74,1.84,21.65,11.469999999999999
545,546,Charleston Battery,United Soccer League,0.74,1.86,21.6,11.450000000000001
546,534,Helsingborgs IF,Swedish Allsvenskan,0.77,1.9,21.56,11.4475
547,547,SK Brann,Norwegian Tippeligaen,0.81,1.96,21.53,11.457500000000001
548,548,Chambly Thelle FC,French Ligue 2,0.74,1.87,21.42,11.3625
549,549,Vicenza,Italy Serie B,0.75,1.88,21.38,11.3475
550,577,Vegalta Sendai,Japanese J League,0.77,1.91,21.36,11.35
551,550,Stromsgodset,Norwegian Tippeligaen,0.9,2.13,21.26,11.387500000000001
552,551,Volos NFC,Greek Super League,0.65,1.73,21.22,11.205
553,559,Milton Keynes Dons,English League One,0.69,1.79,21.22,11.229999999999999
554,552,San Diego Loyal SC,United Soccer League,0.7,1.82,21.09,11.175
555,568,Shonan Bellmare,Japanese J League,0.62,1.7,20.92,11.040000000000001
556,553,Indy Eleven,United Soccer League,0.68,1.84,20.5,10.88
557,554,Cosenza,Italy Serie B,0.66,1.82,20.21,10.725
558,531,Virtus Entella,Italy Serie B,0.66,1.84,19.87,10.56
559,556,Birmingham Legion FC,United Soccer League,0.84,2.15,19.81,10.6525
560,558,Reggiana,Italy Serie B,0.72,1.95,19.72,10.5275
561,565,Yokohama FC,Japanese J League,0.73,1.98,19.58,10.4675
562,572,IK Start,Norwegian Tippeligaen,0.72,2.0,19.3,10.33
563,560,Plymouth Argyle,English League One,0.73,2.01,19.25,10.31
564,569,Swindon Town,English League One,0.84,2.2,19.04,10.28
565,561,Ascoli,Italy Serie B,0.67,1.93,19.04,10.17
566,562,Blackpool,English League One,0.62,1.83,19.0,10.1125
567,564,Highlands Park FC,South African ABSA Premier League,0.57,1.75,18.95,10.055
568,566,Falkenbergs FF,Swedish Allsvenskan,0.76,2.08,18.85,10.135000000000002
569,567,St Mirren,Scottish Premiership,0.55,1.72,18.83,9.9825
570,555,Hamilton Academical,Scottish Premiership,0.84,2.24,18.75,10.145
571,563,Sandefjord,Norwegian Tippeligaen,0.63,1.89,18.59,9.925
572,570,Gillingham,English League One,0.57,1.78,18.49,9.8325
573,571,Miami FC,United Soccer League,0.83,2.25,18.46,10.0
574,576,Kalmar FF,Swedish Allsvenskan,0.65,1.94,18.41,9.8525
575,574,US Pescara,Italy Serie B,0.62,1.88,18.37,9.81
576,573,Saint Louis FC,United Soccer League,0.64,1.94,18.03,9.66
577,575,Wigan,English League One,0.65,1.99,17.68,9.5
578,581,Colchester United,English League Two,0.66,2.05,17.37,9.3625
579,578,Central Coast Mariners,Australian A-League,0.78,2.26,17.34,9.43
580,580,Golden Arrows,South African ABSA Premier League,0.43,1.63,17.14,9.085
581,582,Charlotte Independence,United Soccer League,0.66,2.09,16.87,9.1225
582,584,Accrington Stanley,English League One,0.6,1.98,16.8,9.045
583,585,Cheltenham Town,English League Two,0.54,1.86,16.79,8.995
584,583,North Carolina FC,United Soccer League,0.65,2.09,16.69,9.030000000000001
585,579,Burton Albion,English League One,0.71,2.2,16.54,8.997499999999999
586,586,LA Galaxy II,United Soccer League,0.84,2.45,16.26,8.9525
587,587,Mjondalen,Norwegian Tippeligaen,0.61,2.05,16.2,8.764999999999999
588,588,Ross County,Scottish Premiership,0.58,1.99,16.17,8.727500000000001
589,589,Exeter City,English League Two,0.62,2.07,16.16,8.7525
590,600,Crewe Alexandra,English League One,0.48,1.84,15.74,8.45
591,590,Polokwane City FC,South African ABSA Premier League,0.47,1.84,15.52,8.3375
592,591,Tulsa Roughnecks,United Soccer League,0.62,2.14,15.51,8.445
593,592,AFC Wimbledon,English League One,0.52,1.96,15.27,8.254999999999999
594,593,Memphis 901 FC,United Soccer League,0.74,2.37,15.25,8.4025
595,599,Shrewsbury Town,English League One,0.51,1.98,14.75,7.9975000000000005
596,597,Rochdale,English League One,0.58,2.13,14.72,8.0375
597,594,Crawley Town,English League Two,0.54,2.05,14.72,8.0075
598,598,Leyton Orient,English League Two,0.57,2.18,14.02,7.6975
599,595,Bristol Rovers,English League One,0.51,2.06,13.97,7.6275
600,601,Chippa United,South African ABSA Premier League,0.26,1.54,13.92,7.41
601,603,Hartford Athletic,United Soccer League,0.66,2.37,13.84,7.6775
602,602,Cambridge United,English League Two,0.49,2.06,13.6,7.4375
603,596,Oldham Athletic,English League Two,0.64,2.37,13.51,7.5075
604,604,AmaZulu,South African ABSA Premier League,0.31,1.68,13.48,7.2375
605,605,Real Monarchs SLC,United Soccer League,0.56,2.22,13.33,7.36
606,606,Las Vegas Lights FC,United Soccer League,0.67,2.44,13.32,7.4375
607,614,Bolton,English League Two,0.5,2.12,13.19,7.25
608,609,Baroka FC,South African ABSA Premier League,0.24,1.57,12.84,6.8725
609,608,Port Vale,English League Two,0.46,2.08,12.81,7.04
610,610,Tacoma Defiance,United Soccer League,0.65,2.49,12.51,7.04
611,612,Portland Timbers 2,United Soccer League,0.79,2.78,12.37,7.0775
612,613,Stellenbosch FC,South African ABSA Premier League,0.35,1.89,12.29,6.704999999999999
613,607,Aalesund,Norwegian Tippeligaen,0.67,2.56,12.27,6.9425
614,617,Bradford City,English League Two,0.42,2.09,11.89,6.5725
615,611,Forest Green Rovers,English League Two,0.4,2.04,11.81,6.515000000000001
616,616,Black Leopards,South African ABSA Premier League,0.39,2.03,11.75,6.48
617,618,Swope Park Rangers,United Soccer League,0.62,2.56,11.56,6.575
618,615,Northampton Town,English League One,0.42,2.17,11.16,6.2275
619,622,Mansfield Town,English League Two,0.46,2.26,11.16,6.26
620,619,Colorado Springs Switchbacks FC,United Soccer League,0.47,2.27,11.15,6.26
621,621,Barrow,English League Two,0.44,2.23,11.04,6.1875
622,620,Newport County,English League Two,0.37,2.07,11.03,6.125
623,630,Tranmere Rovers,English League Two,0.38,2.15,10.54,5.9025
624,624,Oklahoma City Energy FC,United Soccer League,0.42,2.3,10.16,5.76
625,623,Carlisle United,English League Two,0.38,2.21,10.05,5.6725
626,625,New York Red Bulls II,United Soccer League,0.64,2.79,10.04,5.8774999999999995
627,626,Rio Grande Valley FC Toros,United Soccer League,0.47,2.42,10.01,5.7275
628,627,Atlanta United 2,United Soccer League,0.57,2.67,9.86,5.739999999999999
629,628,Grimsby Town,English League Two,0.34,2.15,9.81,5.5275
630,629,Walsall,English League Two,0.25,2.14,8.14,4.6675
631,631,Morecambe,English League Two,0.36,2.46,8.01,4.71
632,632,Stevenage,English League Two,0.2,2.07,7.75,4.4425
633,635,Scunthorpe,English League Two,0.3,2.43,7.21,4.2875
634,633,Harrogate Town,English League Two,0.2,2.2,6.95,4.075
635,634,Loudoun United FC,United Soccer League,0.34,2.65,6.51,4.0024999999999995
636,636,Southend United,English League Two,0.23,2.42,6.12,3.7225
637,637,Bethlehem Steel FC,United Soccer League,0.41,2.99,5.78,3.74
